Feature,Importance
weapon_rate,0.3860510371933295
rolling_7d_count,0.3734025041890177
avg_severity,0.16820525873225445
month,0.018541734685794137
day_of_week,0.015264565252492871
district_enc,0.008381181928942825
literacy,0.008030625992657595
unemployment,0.007841519108430405
urbanization,0.007210531533479007
pop_density,0.007071041383601602
