Feature,Importance
weapon_rate,0.3821284749521494
rolling_7d_count,0.3501836650200163
avg_severity,0.17526227624767418
month,0.02334677560793048
day_of_week,0.019741987569725613
urbanization,0.010715059112192338
literacy,0.010032519418388222
pop_density,0.009765507843142417
unemployment,0.009490903374455335
district_enc,0.009332830854325761
